{
  "Use Non-ASCII Font" : false,
  "Tags" : [

  ],
  "Ansi 12 Color" : {
    "Green Component" : 0.62882435321807861,
    "Red Component" : 0.40559092164039612,
    "Blue Component" : 0.8061898946762085
  },
  "Ansi 6 Color" : {
    "Green Component" : 0.68627452850341797,
    "Red Component" : 0.023529412224888802,
    "Blue Component" : 0.78039216995239258
  },
  "Normal Font" : "SFMono-Regular 16",
  "Bold Color" : {
    "Green Component" : 1,
    "Red Component" : 1,
    "Blue Component" : 1
  },
  "Ansi 3 Color" : {
    "Green Component" : 0.80392158031463623,
    "Red Component" : 0.89019608497619629,
    "Blue Component" : 0.48235294222831726
  },
  "Ansi 0 Color" : {
    "Green Component" : 0.32499998807907104,
    "Red Component" : 0.43200001120567322,
    "Blue Component" : 0.27599999308586121
  },
  "Right Option Key Sends" : 0,
  "Rows" : 25,
  "Default Bookmark" : "No",
  "Cursor Guide Color" : {
    "Red Component" : 0.70213186740875244,
    "Color Space" : "sRGB",
    "Blue Component" : 1,
    "Alpha Component" : 0.25,
    "Green Component" : 0.9268307089805603
  },
  "Non-ASCII Anti Aliased" : true,
  "Use Bright Bold" : true,
  "Ansi 10 Color" : {
    "Green Component" : 0.79311013221740723,
    "Red Component" : 0.68147003650665283,
    "Blue Component" : 0.7226373553276062
  },
  "Ambiguous Double Width" : false,
  "Jobs to Ignore" : [
    "rlogin",
    "ssh",
    "slogin",
    "telnet"
  ],
  "Ansi 15 Color" : {
    "Green Component" : 1,
    "Red Component" : 0.99683916568756104,
    "Blue Component" : 0.94478845596313477
  },
  "Foreground Color" : {
    "Green Component" : 0.93999999761581421,
    "Red Component" : 0.92599999904632568,
    "Blue Component" : 0.75800001621246338
  },
  "Bound Hosts" : [

  ],
  "Working Directory" : "\/Users\/twojcik",
  "Blinking Cursor" : false,
  "Disable Window Resizing" : true,
  "Sync Title" : false,
  "Prompt Before Closing 2" : false,
  "BM Growl" : true,
  "Command" : "",
  "Description" : "Default",
  "Mouse Reporting" : true,
  "Screen" : -1,
  "Selection Color" : {
    "Green Component" : 0.2199999988079071,
    "Red Component" : 0.039999999105930328,
    "Blue Component" : 0.3619999885559082
  },
  "Columns" : 80,
  "Idle Code" : 0,
  "Ansi 13 Color" : {
    "Green Component" : 0.54262590408325195,
    "Red Component" : 1,
    "Blue Component" : 0.22654542326927185
  },
  "Custom Command" : "No",
  "ASCII Anti Aliased" : true,
  "Non Ascii Font" : "Monaco 12",
  "Vertical Spacing" : 1,
  "Use Bold Font" : true,
  "Option Key Sends" : 0,
  "Selected Text Color" : {
    "Green Component" : 1,
    "Red Component" : 1,
    "Blue Component" : 1
  },
  "Background Color" : {
    "Red Component" : 0.015686274509803921,
    "Color Space" : "sRGB",
    "Blue Component" : 0.13725490196078433,
    "Alpha Component" : 1,
    "Green Component" : 0.11764705882352941
  },
  "Character Encoding" : 4,
  "Ansi 11 Color" : {
    "Green Component" : 0.78350532054901123,
    "Red Component" : 1,
    "Blue Component" : 0.46899226307868958
  },
  "Use Italic Font" : true,
  "Unlimited Scrollback" : false,
  "Keyboard Map" : {
    "0xf700-0x260000" : {
      "Text" : "[1;6A",
      "Action" : 10
    },
    "0x37-0x40000" : {
      "Text" : "0x1f",
      "Action" : 11
    },
    "0x32-0x40000" : {
      "Text" : "0x00",
      "Action" : 11
    },
    "0xf709-0x20000" : {
      "Text" : "[17;2~",
      "Action" : 10
    },
    "0xf70c-0x20000" : {
      "Text" : "[20;2~",
      "Action" : 10
    },
    "0xf729-0x20000" : {
      "Text" : "[1;2H",
      "Action" : 10
    },
    "0xf72b-0x40000" : {
      "Text" : "[1;5F",
      "Action" : 10
    },
    "0xf705-0x20000" : {
      "Text" : "[1;2Q",
      "Action" : 10
    },
    "0xf703-0x260000" : {
      "Text" : "[1;6C",
      "Action" : 10
    },
    "0xf700-0x220000" : {
      "Text" : "[1;2A",
      "Action" : 10
    },
    "0xf701-0x280000" : {
      "Text" : "0x1b 0x1b 0x5b 0x42",
      "Action" : 11
    },
    "0x38-0x40000" : {
      "Text" : "0x7f",
      "Action" : 11
    },
    "0x33-0x40000" : {
      "Text" : "0x1b",
      "Action" : 11
    },
    "0xf703-0x220000" : {
      "Text" : "[1;2C",
      "Action" : 10
    },
    "0xf701-0x240000" : {
      "Text" : "[1;5B",
      "Action" : 10
    },
    "0xf70d-0x20000" : {
      "Text" : "[21;2~",
      "Action" : 10
    },
    "0xf702-0x260000" : {
      "Text" : "[1;6D",
      "Action" : 10
    },
    "0xf729-0x40000" : {
      "Text" : "[1;5H",
      "Action" : 10
    },
    "0xf706-0x20000" : {
      "Text" : "[1;2R",
      "Action" : 10
    },
    "0x34-0x40000" : {
      "Text" : "0x1c",
      "Action" : 11
    },
    "0xf700-0x280000" : {
      "Text" : "0x1b 0x1b 0x5b 0x41",
      "Action" : 11
    },
    "0x2d-0x40000" : {
      "Text" : "0x1f",
      "Action" : 11
    },
    "0xf70e-0x20000" : {
      "Text" : "[23;2~",
      "Action" : 10
    },
    "0xf702-0x220000" : {
      "Text" : "[1;2D",
      "Action" : 10
    },
    "0xf703-0x280000" : {
      "Action" : 10,
      "Text" : "F"
    },
    "0xf700-0x240000" : {
      "Text" : "[1;5A",
      "Action" : 10
    },
    "0xf707-0x20000" : {
      "Text" : "[1;2S",
      "Action" : 10
    },
    "0xf70a-0x20000" : {
      "Text" : "[18;2~",
      "Action" : 10
    },
    "0x35-0x40000" : {
      "Text" : "0x1d",
      "Action" : 11
    },
    "0xf70f-0x20000" : {
      "Text" : "[24;2~",
      "Action" : 10
    },
    "0xf703-0x240000" : {
      "Text" : "[1;5C",
      "Action" : 10
    },
    "0x7f-0x80000" : {
      "Text" : "0x17",
      "Action" : 11
    },
    "0xf701-0x260000" : {
      "Text" : "[1;6B",
      "Action" : 10
    },
    "0xf702-0x280000" : {
      "Action" : 10,
      "Text" : "B"
    },
    "0xf72b-0x20000" : {
      "Text" : "[1;2F",
      "Action" : 10
    },
    "0x36-0x40000" : {
      "Text" : "0x1e",
      "Action" : 11
    },
    "0xf708-0x20000" : {
      "Text" : "[15;2~",
      "Action" : 10
    },
    "0xf701-0x220000" : {
      "Text" : "[1;2B",
      "Action" : 10
    },
    "0xf70b-0x20000" : {
      "Text" : "[19;2~",
      "Action" : 10
    },
    "0xf702-0x240000" : {
      "Text" : "[1;5D",
      "Action" : 10
    },
    "0xf704-0x20000" : {
      "Text" : "[1;2P",
      "Action" : 10
    }
  },
  "Window Type" : 0,
  "Background Image Location" : "",
  "Blur" : false,
  "Badge Color" : {
    "Red Component" : 1,
    "Color Space" : "sRGB",
    "Blue Component" : 0,
    "Alpha Component" : 0.5,
    "Green Component" : 0.1491314172744751
  },
  "Scrollback Lines" : 1000,
  "Send Code When Idle" : false,
  "Close Sessions On End" : true,
  "Terminal Type" : "xterm-256color",
  "Visual Bell" : true,
  "Flashing Bell" : false,
  "Silence Bell" : false,
  "Ansi 14 Color" : {
    "Green Component" : 0.65387344360351562,
    "Red Component" : 0.51442956924438477,
    "Blue Component" : 0.70434457063674927
  },
  "Name" : "Normal hotkeys",
  "Cursor Text Color" : {
    "Green Component" : 0.15575926005840302,
    "Red Component" : 0,
    "Blue Component" : 0.19370138645172119
  },
  "Shortcut" : "",
  "Cursor Color" : {
    "Green Component" : 0.50962930917739868,
    "Red Component" : 0.44058024883270264,
    "Blue Component" : 0.51685798168182373
  },
  "Transparency" : 0,
  "Guid" : "521FEA9D-B6C0-4554-BB3C-2F80FF19702E",
  "Horizontal Spacing" : 1,
  "Ansi 2 Color" : {
    "Green Component" : 0.67058825492858887,
    "Red Component" : 0.36078432202339172,
    "Blue Component" : 0.58823531866073608
  },
  "Ansi 4 Color" : {
    "Green Component" : 0.33100000023841858,
    "Red Component" : 0.057000000029802322,
    "Blue Component" : 0.54600000381469727
  },
  "Ansi 5 Color" : {
    "Green Component" : 0.35600000619888306,
    "Red Component" : 0.89099997282028198,
    "Blue Component" : 0
  },
  "Link Color" : {
    "Red Component" : 0,
    "Color Space" : "sRGB",
    "Blue Component" : 0.73423302173614502,
    "Alpha Component" : 1,
    "Green Component" : 0.35916060209274292
  },